Ref,Val,Package,PosX,PosY,Rot,Side
"R1","4.7k","R0603",0.960000,0.000000,-90.000000,top
"R2","4.7k","R0603",-0.900000,0.000000,-90.000000,top
